{
  "theta_deg": 28.11989345805235,
  "theta_rad": 0.4907847261530275,
  "M": 0.021379866052782217,
  "X": 54.91393506500234,
  "L1": 37865.12560395719,
  "method": "Powell (SciPy)",
  "N": 1500,
  "t_min": 6.0,
  "t_max": 60.0
}